<application>
  <component name="ActionMacroManager">
    <macro name="reformat_and_save">
      <action id="$SelectAll" />
      <action id="ReformatCode" />
      <action id="AutoIndentLines" />
      <action id="OptimizeImports" />
      <action id="RearrangeCode" />
      <action id="SaveAll" />
      <action id="EditorEscape" />
    </macro>
    <macro name="gradleLint">
      <shortuct text="UP" />
      <shortuct text="UP" />
      <shortuct text="UP" />
      <shortuct text="UP" />
      <shortuct text="DOWN" />
      <shortuct text="DOWN" />
      <shortuct text="DOWN" />
      <shortuct text="UP" />
      <shortuct text="UP" />
      <shortuct text="UP" />
      <shortuct text="UP" />
      <shortuct text="UP" />
      <shortuct text="UP" />
      <shortuct text="DOWN" />
      <shortuct text="DOWN" />
      <shortuct text="DOWN" />
      <shortuct text="DOWN" />
      <shortuct text="DOWN" />
      <shortuct text="DOWN" />
      <shortuct text="meta V" />
      <shortuct text="ENTER" />
    </macro>
  </component>
</application>